{"cameraMode":{"drawMode":0,"name":"Shaded","section":"Shading Mode"},"sceneLighting":true,"audioPlay":false,"sceneViewState":{"m_AlwaysRefresh":false,"showFog":true,"showSkybox":true,"showFlares":true,"showImageEffects":true,"showParticleSystems":true,"showVisualEffectGraphs":true,"m_FxEnabled":true},"in2DMode":false,"pivot":{"x":0.7861076593399048,"y":2.470109701156616,"z":21.455318450927736},"rotation":{"x":0.0046780104748904709,"y":-0.989530622959137,"z":0.1404554694890976,"w":0.032960403710603717},"size":10.528440475463868,"orthographic":false}