{"cameraMode":{"drawMode":0,"name":"Shaded","section":"Shading Mode"},"sceneLighting":false,"audioPlay":false,"sceneViewState":{"m_AlwaysRefresh":false,"showFog":true,"showSkybox":false,"showFlares":true,"showImageEffects":true,"showParticleSystems":true,"showVisualEffectGraphs":true,"m_FxEnabled":true},"in2DMode":false,"pivot":{"x":-0.8237777948379517,"y":0.16280603408813477,"z":-1.989931583404541},"rotation":{"x":0.040069688111543658,"y":-0.9564335942268372,"z":0.2419881373643875,"w":0.15838177502155305},"size":2.503491163253784,"orthographic":false}